<?xml version="1.0" encoding="UTF-8"?><Config><SelectedOntology>Gene Ontology</SelectedOntology><AllOntologies><Ontology><name>Gene Ontology</name><url>jdbc:postgresql://boole.cs.iastate.edu/uuu</url><driver>org.postgresql.Driver</driver><type>POSTGRE</type><user>uuu</user><password>120_-100_43_45_45_5_0_2_-63_1_96_</password></Ontology><Ontology><name>Animal Trait Ontology</name><url>jdbc:postgresql://boole.cs.iastate.edu/ato</url><driver>org.postgresql.Driver</driver><type>POSTGRE</type><user>ato</user><password>120_-100_75_44_-55_7_0_2_125_1_69_</password></Ontology></AllOntologies></Config>
